{"cameraMode":{"drawMode":0,"name":"Shaded","section":"Shading Mode"},"sceneLighting":false,"audioPlay":false,"sceneViewState":{"m_AlwaysRefresh":false,"showFog":true,"showSkybox":false,"showFlares":true,"showImageEffects":true,"showParticleSystems":true,"showVisualEffectGraphs":true,"m_FxEnabled":true},"in2DMode":false,"pivot":{"x":0.017314225435256959,"y":2.674887180328369,"z":-4.819099426269531},"rotation":{"x":-0.13092918694019319,"y":0.3834715783596039,"z":-0.05501917377114296,"w":-0.9125760197639465},"size":0.9752027988433838,"orthographic":true}