{"cameraMode":{"drawMode":0,"name":"Shaded","section":"Shading Mode"},"sceneLighting":true,"audioPlay":false,"sceneViewState":{"m_AlwaysRefresh":false,"showFog":true,"showSkybox":true,"showFlares":true,"showImageEffects":true,"showParticleSystems":true,"showVisualEffectGraphs":true,"m_FxEnabled":true},"in2DMode":false,"pivot":{"x":0.6988433599472046,"y":0.42348533868789675,"z":-76.75755310058594},"rotation":{"x":0.24642138183116914,"y":-0.010175986215472222,"z":0.002587520517408848,"w":0.9691059589385986},"size":2.8722379207611086,"orthographic":false}