{"cameraMode":{"drawMode":0,"name":"Shaded","section":"Shading Mode"},"sceneLighting":true,"audioPlay":false,"sceneViewState":{"m_AlwaysRefresh":false,"showFog":true,"showSkybox":true,"showFlares":true,"showImageEffects":true,"showParticleSystems":true,"showVisualEffectGraphs":true,"m_FxEnabled":true},"in2DMode":false,"pivot":{"x":-0.4539130926132202,"y":0.0026732683181762697,"z":-73.899658203125},"rotation":{"x":0.17817987501621247,"y":-0.6819940805435181,"z":0.17690418660640717,"w":0.6869195699691773},"size":2.3209848403930666,"orthographic":false}