{"cameraMode":{"drawMode":0,"name":"Shaded","section":"Shading Mode"},"sceneLighting":false,"audioPlay":false,"sceneViewState":{"m_AlwaysRefresh":false,"showFog":true,"showSkybox":false,"showFlares":true,"showImageEffects":true,"showParticleSystems":true,"showVisualEffectGraphs":true,"m_FxEnabled":true},"in2DMode":false,"pivot":{"x":5.9039998054504398,"y":2.3450000286102297,"z":-4.818999767303467},"rotation":{"x":0.3687414526939392,"y":0.48100516200065615,"z":-0.23324362933635713,"w":0.7604403495788574},"size":0.5847792029380798,"orthographic":false}